<?xml version="1.0" encoding="utf-8"?>
<rss version="2.0" xmlns:atom="http://www.w3.org/2005/Atom">
  <channel>
    <title>Portal Berita Terkini</title>
    <description>Sumber berita terpercaya dan terkini.</description>
    <link>https://progresnews.com/</link>
    <atom:link href="https://progresnews.com/feed.xml" rel="self" type="application/rss+xml" />
    
    <lastBuildDate>2026-02-08T00:00:00.000Z</lastBuildDate>
    <language>id-ID</language>
    
    <item>
      <title>Review Gadget Terbaru: Spesifikasi Gahar Harga Terjangkau - Update 7</title>
      <link>https://progresnews.com/posts/review-gadget-terbaru-spesifikasi-gahar-harga-terjangkau-update-7/</link>
      <description>Ringkasan berita tentang Review Gadget Terbaru: Spesifikasi Gahar Harga Terjangkau - Update 7 yang sedang hangat diperbincangkan.</description>
      <pubDate>2026-02-08T00:00:00.000Z</pubDate>
      <guid>https://progresnews.com/posts/review-gadget-terbaru-spesifikasi-gahar-harga-terjangkau-update-7/</guid>
      
      <enclosure url="https://picsum.photos/seed/review-gadget-terbaru-spesifikasi-gahar-harga-terjangkau-update-7/800/450" length="0" type="image/jpeg" />
      
    </item>
    
    <item>
      <title>Gempa Berkekuatan 5.4 SR Guncang Wilayah Selatan - Update 42</title>
      <link>https://progresnews.com/posts/gempa-berkekuatan-5-4-sr-guncang-wilayah-selatan-update-42/</link>
      <description>Ringkasan berita tentang Gempa Berkekuatan 5.4 SR Guncang Wilayah Selatan - Update 42 yang sedang hangat diperbincangkan.</description>
      <pubDate>2026-02-03T00:00:00.000Z</pubDate>
      <guid>https://progresnews.com/posts/gempa-berkekuatan-5-4-sr-guncang-wilayah-selatan-update-42/</guid>
      
      <enclosure url="https://picsum.photos/seed/gempa-berkekuatan-5-4-sr-guncang-wilayah-selatan-update-42/800/450" length="0" type="image/jpeg" />
      
    </item>
    
    <item>
      <title>Festival Budaya Nusantara Kembali Digelar Meriah - Update 13</title>
      <link>https://progresnews.com/posts/festival-budaya-nusantara-kembali-digelar-meriah-update-13/</link>
      <description>Ringkasan berita tentang Festival Budaya Nusantara Kembali Digelar Meriah - Update 13 yang sedang hangat diperbincangkan.</description>
      <pubDate>2026-02-01T00:00:00.000Z</pubDate>
      <guid>https://progresnews.com/posts/festival-budaya-nusantara-kembali-digelar-meriah-update-13/</guid>
      
      <enclosure url="https://picsum.photos/seed/festival-budaya-nusantara-kembali-digelar-meriah-update-13/800/450" length="0" type="image/jpeg" />
      
    </item>
    
    <item>
      <title>Timnas Indonesia Raih Kemenangan Dramatis di Kualifikasi Piala Dunia - Update 55</title>
      <link>https://progresnews.com/posts/timnas-indonesia-raih-kemenangan-dramatis-di-kualifikasi-piala-dunia-update-55/</link>
      <description>Ringkasan berita tentang Timnas Indonesia Raih Kemenangan Dramatis di Kualifikasi Piala Dunia - Update 55 yang sedang hangat diperbincangkan.</description>
      <pubDate>2026-01-28T00:00:00.000Z</pubDate>
      <guid>https://progresnews.com/posts/timnas-indonesia-raih-kemenangan-dramatis-di-kualifikasi-piala-dunia-update-55/</guid>
      
      <enclosure url="https://picsum.photos/seed/timnas-indonesia-raih-kemenangan-dramatis-di-kualifikasi-piala-dunia-update-55/800/450" length="0" type="image/jpeg" />
      
    </item>
    
    <item>
      <title>Pemerintah Umumkan Kebijakan Baru Ekonomi Digital - Update 45</title>
      <link>https://progresnews.com/posts/pemerintah-umumkan-kebijakan-baru-ekonomi-digital-update-45/</link>
      <description>Ringkasan berita tentang Pemerintah Umumkan Kebijakan Baru Ekonomi Digital - Update 45 yang sedang hangat diperbincangkan.</description>
      <pubDate>2026-01-28T00:00:00.000Z</pubDate>
      <guid>https://progresnews.com/posts/pemerintah-umumkan-kebijakan-baru-ekonomi-digital-update-45/</guid>
      
      <enclosure url="https://picsum.photos/seed/pemerintah-umumkan-kebijakan-baru-ekonomi-digital-update-45/800/450" length="0" type="image/jpeg" />
      
    </item>
    
    <item>
      <title>Pemerintah Umumkan Kebijakan Baru Ekonomi Digital - Update 41</title>
      <link>https://progresnews.com/posts/pemerintah-umumkan-kebijakan-baru-ekonomi-digital-update-41/</link>
      <description>Ringkasan berita tentang Pemerintah Umumkan Kebijakan Baru Ekonomi Digital - Update 41 yang sedang hangat diperbincangkan.</description>
      <pubDate>2026-01-21T00:00:00.000Z</pubDate>
      <guid>https://progresnews.com/posts/pemerintah-umumkan-kebijakan-baru-ekonomi-digital-update-41/</guid>
      
      <enclosure url="https://picsum.photos/seed/pemerintah-umumkan-kebijakan-baru-ekonomi-digital-update-41/800/450" length="0" type="image/jpeg" />
      
    </item>
    
    <item>
      <title>Manchester United Pertimbangkan Rekrut Striker Baru - Update 2</title>
      <link>https://progresnews.com/posts/manchester-united-pertimbangkan-rekrut-striker-baru-update-2/</link>
      <description>Ringkasan berita tentang Manchester United Pertimbangkan Rekrut Striker Baru - Update 2 yang sedang hangat diperbincangkan.</description>
      <pubDate>2026-01-05T00:00:00.000Z</pubDate>
      <guid>https://progresnews.com/posts/manchester-united-pertimbangkan-rekrut-striker-baru-update-2/</guid>
      
      <enclosure url="https://picsum.photos/seed/manchester-united-pertimbangkan-rekrut-striker-baru-update-2/800/450" length="0" type="image/jpeg" />
      
    </item>
    
    <item>
      <title>Perkembangan Teknologi AI dan Dampaknya bagi Pekerjaan - Update 49</title>
      <link>https://progresnews.com/posts/perkembangan-teknologi-ai-dan-dampaknya-bagi-pekerjaan-update-49/</link>
      <description>Ringkasan berita tentang Perkembangan Teknologi AI dan Dampaknya bagi Pekerjaan - Update 49 yang sedang hangat diperbincangkan.</description>
      <pubDate>2026-01-04T00:00:00.000Z</pubDate>
      <guid>https://progresnews.com/posts/perkembangan-teknologi-ai-dan-dampaknya-bagi-pekerjaan-update-49/</guid>
      
      <enclosure url="https://picsum.photos/seed/perkembangan-teknologi-ai-dan-dampaknya-bagi-pekerjaan-update-49/800/450" length="0" type="image/jpeg" />
      
    </item>
    
    <item>
      <title>Kemenangan Besar Barcelona di Laga El Clasico - Update 16</title>
      <link>https://progresnews.com/posts/kemenangan-besar-barcelona-di-laga-el-clasico-update-16/</link>
      <description>Ringkasan berita tentang Kemenangan Besar Barcelona di Laga El Clasico - Update 16 yang sedang hangat diperbincangkan.</description>
      <pubDate>2025-12-28T00:00:00.000Z</pubDate>
      <guid>https://progresnews.com/posts/kemenangan-besar-barcelona-di-laga-el-clasico-update-16/</guid>
      
      <enclosure url="https://picsum.photos/seed/kemenangan-besar-barcelona-di-laga-el-clasico-update-16/800/450" length="0" type="image/jpeg" />
      
    </item>
    
    <item>
      <title>Tren Fashion Kekinian yang Sedang Hits di Kalangan Gen Z - Update 46</title>
      <link>https://progresnews.com/posts/tren-fashion-kekinian-yang-sedang-hits-di-kalangan-gen-z-update-46/</link>
      <description>Ringkasan berita tentang Tren Fashion Kekinian yang Sedang Hits di Kalangan Gen Z - Update 46 yang sedang hangat diperbincangkan.</description>
      <pubDate>2025-12-27T00:00:00.000Z</pubDate>
      <guid>https://progresnews.com/posts/tren-fashion-kekinian-yang-sedang-hits-di-kalangan-gen-z-update-46/</guid>
      
      <enclosure url="https://picsum.photos/seed/tren-fashion-kekinian-yang-sedang-hits-di-kalangan-gen-z-update-46/800/450" length="0" type="image/jpeg" />
      
    </item>
    
    <item>
      <title>Wisata Alam Tersembunyi yang Wajib Dikunjungi - Update 1</title>
      <link>https://progresnews.com/posts/wisata-alam-tersembunyi-yang-wajib-dikunjungi-update-1/</link>
      <description>Ringkasan berita tentang Wisata Alam Tersembunyi yang Wajib Dikunjungi - Update 1 yang sedang hangat diperbincangkan.</description>
      <pubDate>2025-12-23T00:00:00.000Z</pubDate>
      <guid>https://progresnews.com/posts/wisata-alam-tersembunyi-yang-wajib-dikunjungi-update-1/</guid>
      
      <enclosure url="https://picsum.photos/seed/wisata-alam-tersembunyi-yang-wajib-dikunjungi-update-1/800/450" length="0" type="image/jpeg" />
      
    </item>
    
    <item>
      <title>Gempa Berkekuatan 5.4 SR Guncang Wilayah Selatan - Update 8</title>
      <link>https://progresnews.com/posts/gempa-berkekuatan-5-4-sr-guncang-wilayah-selatan-update-8/</link>
      <description>Ringkasan berita tentang Gempa Berkekuatan 5.4 SR Guncang Wilayah Selatan - Update 8 yang sedang hangat diperbincangkan.</description>
      <pubDate>2025-12-20T00:00:00.000Z</pubDate>
      <guid>https://progresnews.com/posts/gempa-berkekuatan-5-4-sr-guncang-wilayah-selatan-update-8/</guid>
      
      <enclosure url="https://picsum.photos/seed/gempa-berkekuatan-5-4-sr-guncang-wilayah-selatan-update-8/800/450" length="0" type="image/jpeg" />
      
    </item>
    
    <item>
      <title>Kisah Inspiratif Pengusaha Muda Sukses dari Nol - Update 28</title>
      <link>https://progresnews.com/posts/kisah-inspiratif-pengusaha-muda-sukses-dari-nol-update-28/</link>
      <description>Ringkasan berita tentang Kisah Inspiratif Pengusaha Muda Sukses dari Nol - Update 28 yang sedang hangat diperbincangkan.</description>
      <pubDate>2025-12-02T00:00:00.000Z</pubDate>
      <guid>https://progresnews.com/posts/kisah-inspiratif-pengusaha-muda-sukses-dari-nol-update-28/</guid>
      
      <enclosure url="https://picsum.photos/seed/kisah-inspiratif-pengusaha-muda-sukses-dari-nol-update-28/800/450" length="0" type="image/jpeg" />
      
    </item>
    
    <item>
      <title>Kemenangan Besar Barcelona di Laga El Clasico - Update 54</title>
      <link>https://progresnews.com/posts/kemenangan-besar-barcelona-di-laga-el-clasico-update-54/</link>
      <description>Ringkasan berita tentang Kemenangan Besar Barcelona di Laga El Clasico - Update 54 yang sedang hangat diperbincangkan.</description>
      <pubDate>2025-11-30T00:00:00.000Z</pubDate>
      <guid>https://progresnews.com/posts/kemenangan-besar-barcelona-di-laga-el-clasico-update-54/</guid>
      
      <enclosure url="https://picsum.photos/seed/kemenangan-besar-barcelona-di-laga-el-clasico-update-54/800/450" length="0" type="image/jpeg" />
      
    </item>
    
    <item>
      <title>Investasi Saham untuk Pemula: Apa yang Perlu Diketahui? - Update 11</title>
      <link>https://progresnews.com/posts/investasi-saham-untuk-pemula-apa-yang-perlu-diketahui-update-11/</link>
      <description>Ringkasan berita tentang Investasi Saham untuk Pemula: Apa yang Perlu Diketahui? - Update 11 yang sedang hangat diperbincangkan.</description>
      <pubDate>2025-11-25T00:00:00.000Z</pubDate>
      <guid>https://progresnews.com/posts/investasi-saham-untuk-pemula-apa-yang-perlu-diketahui-update-11/</guid>
      
      <enclosure url="https://picsum.photos/seed/investasi-saham-untuk-pemula-apa-yang-perlu-diketahui-update-11/800/450" length="0" type="image/jpeg" />
      
    </item>
    
    <item>
      <title>Tips Menjaga Kesehatan Mental di Era Digital - Update 23</title>
      <link>https://progresnews.com/posts/tips-menjaga-kesehatan-mental-di-era-digital-update-23/</link>
      <description>Ringkasan berita tentang Tips Menjaga Kesehatan Mental di Era Digital - Update 23 yang sedang hangat diperbincangkan.</description>
      <pubDate>2025-11-14T00:00:00.000Z</pubDate>
      <guid>https://progresnews.com/posts/tips-menjaga-kesehatan-mental-di-era-digital-update-23/</guid>
      
      <enclosure url="https://picsum.photos/seed/tips-menjaga-kesehatan-mental-di-era-digital-update-23/800/450" length="0" type="image/jpeg" />
      
    </item>
    
    <item>
      <title>Harga Emas Antam Hari Ini Melonjak Tajam - Update 33</title>
      <link>https://progresnews.com/posts/harga-emas-antam-hari-ini-melonjak-tajam-update-33/</link>
      <description>Ringkasan berita tentang Harga Emas Antam Hari Ini Melonjak Tajam - Update 33 yang sedang hangat diperbincangkan.</description>
      <pubDate>2025-11-03T00:00:00.000Z</pubDate>
      <guid>https://progresnews.com/posts/harga-emas-antam-hari-ini-melonjak-tajam-update-33/</guid>
      
      <enclosure url="https://picsum.photos/seed/harga-emas-antam-hari-ini-melonjak-tajam-update-33/800/450" length="0" type="image/jpeg" />
      
    </item>
    
    <item>
      <title>Dampak Perubahan Iklim Terhadap Pertanian Nasional - Update 32</title>
      <link>https://progresnews.com/posts/dampak-perubahan-iklim-terhadap-pertanian-nasional-update-32/</link>
      <description>Ringkasan berita tentang Dampak Perubahan Iklim Terhadap Pertanian Nasional - Update 32 yang sedang hangat diperbincangkan.</description>
      <pubDate>2025-10-31T00:00:00.000Z</pubDate>
      <guid>https://progresnews.com/posts/dampak-perubahan-iklim-terhadap-pertanian-nasional-update-32/</guid>
      
      <enclosure url="https://picsum.photos/seed/dampak-perubahan-iklim-terhadap-pertanian-nasional-update-32/800/450" length="0" type="image/jpeg" />
      
    </item>
    
    <item>
      <title>Festival Budaya Nusantara Kembali Digelar Meriah - Update 59</title>
      <link>https://progresnews.com/posts/festival-budaya-nusantara-kembali-digelar-meriah-update-59/</link>
      <description>Ringkasan berita tentang Festival Budaya Nusantara Kembali Digelar Meriah - Update 59 yang sedang hangat diperbincangkan.</description>
      <pubDate>2025-10-25T00:00:00.000Z</pubDate>
      <guid>https://progresnews.com/posts/festival-budaya-nusantara-kembali-digelar-meriah-update-59/</guid>
      
      <enclosure url="https://picsum.photos/seed/festival-budaya-nusantara-kembali-digelar-meriah-update-59/800/450" length="0" type="image/jpeg" />
      
    </item>
    
    <item>
      <title>Jadwal Pertandingan Liga Inggris Pekan Ini - Update 21</title>
      <link>https://progresnews.com/posts/jadwal-pertandingan-liga-inggris-pekan-ini-update-21/</link>
      <description>Ringkasan berita tentang Jadwal Pertandingan Liga Inggris Pekan Ini - Update 21 yang sedang hangat diperbincangkan.</description>
      <pubDate>2025-10-20T00:00:00.000Z</pubDate>
      <guid>https://progresnews.com/posts/jadwal-pertandingan-liga-inggris-pekan-ini-update-21/</guid>
      
      <enclosure url="https://picsum.photos/seed/jadwal-pertandingan-liga-inggris-pekan-ini-update-21/800/450" length="0" type="image/jpeg" />
      
    </item>
    
  </channel>
</rss>
